,neg_img_name,bin_start,bin_ends
0,neg_img_0_0.png,1610602278468219.0,1610602278472264.2
1,neg_img_0_1.png,1610602278472264.2,1610602278476309.2
2,neg_img_0_2.png,1610602278476309.2,1610602278480354.5
3,neg_img_0_3.png,1610602278480354.5,1610602278484399.8
4,neg_img_0_4.png,1610602278484399.8,1610602278488445.0
5,neg_img_0_5.png,1610602278488445.0,1610602278492490.0
6,neg_img_0_6.png,1610602278492490.0,1610602278496535.2
7,neg_img_0_7.png,1610602278496535.2,1610602278500580.5
8,neg_img_0_8.png,1610602278500580.5,1610602278504625.5
9,neg_img_0_9.png,1610602278504625.5,1610602278508670.8
10,neg_img_1_0.png,1610602278508670.8,1610602278512716.0
11,neg_img_1_1.png,1610602278512716.0,1610602278516761.0
12,neg_img_1_2.png,1610602278516761.0,1610602278520806.2
13,neg_img_1_3.png,1610602278520806.2,1610602278524851.5
14,neg_img_1_4.png,1610602278524851.5,1610602278528896.5
15,neg_img_1_5.png,1610602278528896.5,1610602278532941.8
16,neg_img_1_6.png,1610602278532941.8,1610602278536987.0
17,neg_img_1_7.png,1610602278536987.0,1610602278541032.2
18,neg_img_1_8.png,1610602278541032.2,1610602278545077.2
19,neg_img_1_9.png,1610602278545077.2,1610602278549122.5
20,neg_img_2_0.png,1610602278549122.5,1610602278553167.8
21,neg_img_2_1.png,1610602278553167.8,1610602278557212.8
22,neg_img_2_2.png,1610602278557212.8,1610602278561258.0
23,neg_img_2_3.png,1610602278561258.0,1610602278565303.2
24,neg_img_2_4.png,1610602278565303.2,1610602278569348.5
25,neg_img_2_5.png,1610602278569348.5,1610602278573393.5
26,neg_img_2_6.png,1610602278573393.5,1610602278577438.8
27,neg_img_2_7.png,1610602278577438.8,1610602278581484.0
28,neg_img_2_8.png,1610602278581484.0,1610602278585529.0
29,neg_img_2_9.png,1610602278585529.0,1610602278589574.2
30,neg_img_3_0.png,1610602278589574.2,1610602278593619.5
31,neg_img_3_1.png,1610602278593619.5,1610602278597664.5
32,neg_img_3_2.png,1610602278597664.5,1610602278601709.8
33,neg_img_3_3.png,1610602278601709.8,1610602278605755.0
34,neg_img_3_4.png,1610602278605755.0,1610602278609800.0
35,neg_img_3_5.png,1610602278609800.0,1610602278613845.2
36,neg_img_3_6.png,1610602278613845.2,1610602278617890.5
37,neg_img_3_7.png,1610602278617890.5,1610602278621935.8
38,neg_img_3_8.png,1610602278621935.8,1610602278625980.8
39,neg_img_3_9.png,1610602278625980.8,1610602278630026.0
40,neg_img_4_0.png,1610602278630026.0,1610602278634071.2
41,neg_img_4_1.png,1610602278634071.2,1610602278638116.2
42,neg_img_4_2.png,1610602278638116.2,1610602278642161.5
43,neg_img_4_3.png,1610602278642161.5,1610602278646206.8
44,neg_img_4_4.png,1610602278646206.8,1610602278650252.0
45,neg_img_4_5.png,1610602278650252.0,1610602278654297.0
46,neg_img_4_6.png,1610602278654297.0,1610602278658342.2
47,neg_img_4_7.png,1610602278658342.2,1610602278662387.5
48,neg_img_4_8.png,1610602278662387.5,1610602278666432.5
49,neg_img_4_9.png,1610602278666432.5,1610602278670477.8
50,neg_img_5_0.png,1610602278670477.8,1610602278674523.0
51,neg_img_5_1.png,1610602278674523.0,1610602278678568.0
52,neg_img_5_2.png,1610602278678568.0,1610602278682613.2
53,neg_img_5_3.png,1610602278682613.2,1610602278686658.5
54,neg_img_5_4.png,1610602278686658.5,1610602278690703.5
55,neg_img_5_5.png,1610602278690703.5,1610602278694748.8
56,neg_img_5_6.png,1610602278694748.8,1610602278698794.0
57,neg_img_5_7.png,1610602278698794.0,1610602278702839.2
58,neg_img_5_8.png,1610602278702839.2,1610602278706884.2
59,neg_img_5_9.png,1610602278706884.2,1610602278710929.5
60,neg_img_6_0.png,1610602278710929.5,1610602278714974.8
61,neg_img_6_1.png,1610602278714974.8,1610602278719019.8
62,neg_img_6_2.png,1610602278719019.8,1610602278723065.0
63,neg_img_6_3.png,1610602278723065.0,1610602278727110.2
64,neg_img_6_4.png,1610602278727110.2,1610602278731155.5
65,neg_img_6_5.png,1610602278731155.5,1610602278735200.5
66,neg_img_6_6.png,1610602278735200.5,1610602278739245.8
67,neg_img_6_7.png,1610602278739245.8,1610602278743291.0
68,neg_img_6_8.png,1610602278743291.0,1610602278747336.0
69,neg_img_6_9.png,1610602278747336.0,1610602278751381.2
70,neg_img_7_0.png,1610602278751381.2,1610602278755426.5
71,neg_img_7_1.png,1610602278755426.5,1610602278759471.5
72,neg_img_7_2.png,1610602278759471.5,1610602278763516.8
73,neg_img_7_3.png,1610602278763516.8,1610602278767562.0
74,neg_img_7_4.png,1610602278767562.0,1610602278771607.0
75,neg_img_7_5.png,1610602278771607.0,1610602278775652.2
76,neg_img_7_6.png,1610602278775652.2,1610602278779697.5
77,neg_img_7_7.png,1610602278779697.5,1610602278783742.8
78,neg_img_7_8.png,1610602278783742.8,1610602278787787.8
79,neg_img_7_9.png,1610602278787787.8,1610602278791833.0
80,neg_img_8_0.png,1610602278791833.0,1610602278795878.2
81,neg_img_8_1.png,1610602278795878.2,1610602278799923.2
82,neg_img_8_2.png,1610602278799923.2,1610602278803968.5
83,neg_img_8_3.png,1610602278803968.5,1610602278808013.8
84,neg_img_8_4.png,1610602278808013.8,1610602278812059.0
85,neg_img_8_5.png,1610602278812059.0,1610602278816104.0
86,neg_img_8_6.png,1610602278816104.0,1610602278820149.2
87,neg_img_8_7.png,1610602278820149.2,1610602278824194.5
88,neg_img_8_8.png,1610602278824194.5,1610602278828239.5
89,neg_img_8_9.png,1610602278828239.5,1610602278832284.8
90,neg_img_9_0.png,1610602278832284.8,1610602278836330.0
91,neg_img_9_1.png,1610602278836330.0,1610602278840375.0
92,neg_img_9_2.png,1610602278840375.0,1610602278844420.2
93,neg_img_9_3.png,1610602278844420.2,1610602278848465.5
94,neg_img_9_4.png,1610602278848465.5,1610602278852510.5
95,neg_img_9_5.png,1610602278852510.5,1610602278856555.8
96,neg_img_9_6.png,1610602278856555.8,1610602278860601.0
97,neg_img_9_7.png,1610602278860601.0,1610602278864646.2
98,neg_img_9_8.png,1610602278864646.2,1610602278868691.2
99,neg_img_9_9.png,1610602278868691.2,1610602278872736.5
100,neg_img_10_0.png,1610602278872736.5,1610602278876781.8
101,neg_img_10_1.png,1610602278876781.8,1610602278880826.8
102,neg_img_10_2.png,1610602278880826.8,1610602278884872.0
103,neg_img_10_3.png,1610602278884872.0,1610602278888917.2
104,neg_img_10_4.png,1610602278888917.2,1610602278892962.5
105,neg_img_10_5.png,1610602278892962.5,1610602278897007.5
106,neg_img_10_6.png,1610602278897007.5,1610602278901052.8
107,neg_img_10_7.png,1610602278901052.8,1610602278905098.0
108,neg_img_10_8.png,1610602278905098.0,1610602278909143.0
109,neg_img_10_9.png,1610602278909143.0,1610602278913188.2
110,neg_img_11_0.png,1610602278913188.2,1610602278917233.5
111,neg_img_11_1.png,1610602278917233.5,1610602278921278.5
112,neg_img_11_2.png,1610602278921278.5,1610602278925323.8
113,neg_img_11_3.png,1610602278925323.8,1610602278929369.0
114,neg_img_11_4.png,1610602278929369.0,1610602278933414.0
115,neg_img_11_5.png,1610602278933414.0,1610602278937459.2
116,neg_img_11_6.png,1610602278937459.2,1610602278941504.5
117,neg_img_11_7.png,1610602278941504.5,1610602278945549.8
118,neg_img_11_8.png,1610602278945549.8,1610602278949594.8
119,neg_img_11_9.png,1610602278949594.8,1610602278953640.0
120,neg_img_12_0.png,1610602278953640.0,1610602278957685.2
121,neg_img_12_1.png,1610602278957685.2,1610602278961730.2
122,neg_img_12_2.png,1610602278961730.2,1610602278965775.5
123,neg_img_12_3.png,1610602278965775.5,1610602278969820.8
124,neg_img_12_4.png,1610602278969820.8,1610602278973866.0
125,neg_img_12_5.png,1610602278973866.0,1610602278977911.0
126,neg_img_12_6.png,1610602278977911.0,1610602278981956.2
127,neg_img_12_7.png,1610602278981956.2,1610602278986001.5
128,neg_img_12_8.png,1610602278986001.5,1610602278990046.5
129,neg_img_12_9.png,1610602278990046.5,1610602278994091.8
130,neg_img_13_0.png,1610602278994091.8,1610602278998137.0
131,neg_img_13_1.png,1610602278998137.0,1610602279002182.0
132,neg_img_13_2.png,1610602279002182.0,1610602279006227.2
133,neg_img_13_3.png,1610602279006227.2,1610602279010272.5
134,neg_img_13_4.png,1610602279010272.5,1610602279014317.5
135,neg_img_13_5.png,1610602279014317.5,1610602279018362.8
136,neg_img_13_6.png,1610602279018362.8,1610602279022408.0
137,neg_img_13_7.png,1610602279022408.0,1610602279026453.2
138,neg_img_13_8.png,1610602279026453.2,1610602279030498.2
139,neg_img_13_9.png,1610602279030498.2,1610602279034543.5
140,neg_img_14_0.png,1610602279034543.5,1610602279038588.8
141,neg_img_14_1.png,1610602279038588.8,1610602279042633.8
142,neg_img_14_2.png,1610602279042633.8,1610602279046679.0
143,neg_img_14_3.png,1610602279046679.0,1610602279050724.2
144,neg_img_14_4.png,1610602279050724.2,1610602279054769.5
145,neg_img_14_5.png,1610602279054769.5,1610602279058814.5
146,neg_img_14_6.png,1610602279058814.5,1610602279062859.8
147,neg_img_14_7.png,1610602279062859.8,1610602279066905.0
148,neg_img_14_8.png,1610602279066905.0,1610602279070950.0
149,neg_img_14_9.png,1610602279070950.0,1610602279074995.2
150,neg_img_15_0.png,1610602279074995.2,1610602279079040.5
151,neg_img_15_1.png,1610602279079040.5,1610602279083085.5
152,neg_img_15_2.png,1610602279083085.5,1610602279087130.8
153,neg_img_15_3.png,1610602279087130.8,1610602279091176.0
154,neg_img_15_4.png,1610602279091176.0,1610602279095221.0
155,neg_img_15_5.png,1610602279095221.0,1610602279099266.2
156,neg_img_15_6.png,1610602279099266.2,1610602279103311.5
157,neg_img_15_7.png,1610602279103311.5,1610602279107356.8
158,neg_img_15_8.png,1610602279107356.8,1610602279111401.8
159,neg_img_15_9.png,1610602279111401.8,1610602279115447.0
160,neg_img_16_0.png,1610602279115447.0,1610602279119492.2
161,neg_img_16_1.png,1610602279119492.2,1610602279123537.2
162,neg_img_16_2.png,1610602279123537.2,1610602279127582.5
163,neg_img_16_3.png,1610602279127582.5,1610602279131627.8
164,neg_img_16_4.png,1610602279131627.8,1610602279135673.0
165,neg_img_16_5.png,1610602279135673.0,1610602279139718.0
166,neg_img_16_6.png,1610602279139718.0,1610602279143763.2
167,neg_img_16_7.png,1610602279143763.2,1610602279147808.5
168,neg_img_16_8.png,1610602279147808.5,1610602279151853.5
169,neg_img_16_9.png,1610602279151853.5,1610602279155898.8
170,neg_img_17_0.png,1610602279155898.8,1610602279159944.0
171,neg_img_17_1.png,1610602279159944.0,1610602279163989.0
172,neg_img_17_2.png,1610602279163989.0,1610602279168034.2
173,neg_img_17_3.png,1610602279168034.2,1610602279172079.5
174,neg_img_17_4.png,1610602279172079.5,1610602279176124.5
175,neg_img_17_5.png,1610602279176124.5,1610602279180169.8
176,neg_img_17_6.png,1610602279180169.8,1610602279184215.0
177,neg_img_17_7.png,1610602279184215.0,1610602279188260.2
178,neg_img_17_8.png,1610602279188260.2,1610602279192305.2
179,neg_img_17_9.png,1610602279192305.2,1610602279196350.5
180,neg_img_18_0.png,1610602279196350.5,1610602279200395.8
181,neg_img_18_1.png,1610602279200395.8,1610602279204440.8
182,neg_img_18_2.png,1610602279204440.8,1610602279208486.0
183,neg_img_18_3.png,1610602279208486.0,1610602279212531.2
184,neg_img_18_4.png,1610602279212531.2,1610602279216576.5
185,neg_img_18_5.png,1610602279216576.5,1610602279220621.5
186,neg_img_18_6.png,1610602279220621.5,1610602279224666.8
187,neg_img_18_7.png,1610602279224666.8,1610602279228712.0
188,neg_img_18_8.png,1610602279228712.0,1610602279232757.0
189,neg_img_18_9.png,1610602279232757.0,1610602279236802.2
190,neg_img_19_0.png,1610602279236802.2,1610602279240847.5
191,neg_img_19_1.png,1610602279240847.5,1610602279244892.5
192,neg_img_19_2.png,1610602279244892.5,1610602279248937.8
193,neg_img_19_3.png,1610602279248937.8,1610602279252983.0
194,neg_img_19_4.png,1610602279252983.0,1610602279257028.0
195,neg_img_19_5.png,1610602279257028.0,1610602279261073.2
196,neg_img_19_6.png,1610602279261073.2,1610602279265118.5
197,neg_img_19_7.png,1610602279265118.5,1610602279269163.8
198,neg_img_19_8.png,1610602279269163.8,1610602279273208.8
199,neg_img_19_9.png,1610602279273208.8,1610602279277254.0
200,neg_img_20_0.png,1610602279277254.0,1610602279281299.2
201,neg_img_20_1.png,1610602279281299.2,1610602279285344.2
202,neg_img_20_2.png,1610602279285344.2,1610602279289389.5
203,neg_img_20_3.png,1610602279289389.5,1610602279293434.8
204,neg_img_20_4.png,1610602279293434.8,1610602279297480.0
205,neg_img_20_5.png,1610602279297480.0,1610602279301525.0
206,neg_img_20_6.png,1610602279301525.0,1610602279305570.2
207,neg_img_20_7.png,1610602279305570.2,1610602279309615.5
208,neg_img_20_8.png,1610602279309615.5,1610602279313660.5
209,neg_img_20_9.png,1610602279313660.5,1610602279317705.8
210,neg_img_21_0.png,1610602279317705.8,1610602279321751.0
211,neg_img_21_1.png,1610602279321751.0,1610602279325796.0
212,neg_img_21_2.png,1610602279325796.0,1610602279329841.2
213,neg_img_21_3.png,1610602279329841.2,1610602279333886.5
214,neg_img_21_4.png,1610602279333886.5,1610602279337931.5
215,neg_img_21_5.png,1610602279337931.5,1610602279341976.8
216,neg_img_21_6.png,1610602279341976.8,1610602279346022.0
217,neg_img_21_7.png,1610602279346022.0,1610602279350067.2
218,neg_img_21_8.png,1610602279350067.2,1610602279354112.2
219,neg_img_21_9.png,1610602279354112.2,1610602279358157.5
220,neg_img_22_0.png,1610602279358157.5,1610602279362202.8
221,neg_img_22_1.png,1610602279362202.8,1610602279366247.8
222,neg_img_22_2.png,1610602279366247.8,1610602279370293.0
223,neg_img_22_3.png,1610602279370293.0,1610602279374338.2
224,neg_img_22_4.png,1610602279374338.2,1610602279378383.5
225,neg_img_22_5.png,1610602279378383.5,1610602279382428.5
226,neg_img_22_6.png,1610602279382428.5,1610602279386473.8
227,neg_img_22_7.png,1610602279386473.8,1610602279390519.0
228,neg_img_22_8.png,1610602279390519.0,1610602279394564.0
229,neg_img_22_9.png,1610602279394564.0,1610602279398609.2
230,neg_img_23_0.png,1610602279398609.2,1610602279402654.5
231,neg_img_23_1.png,1610602279402654.5,1610602279406699.5
232,neg_img_23_2.png,1610602279406699.5,1610602279410744.8
233,neg_img_23_3.png,1610602279410744.8,1610602279414790.0
234,neg_img_23_4.png,1610602279414790.0,1610602279418835.0
235,neg_img_23_5.png,1610602279418835.0,1610602279422880.2
236,neg_img_23_6.png,1610602279422880.2,1610602279426925.5
237,neg_img_23_7.png,1610602279426925.5,1610602279430970.8
238,neg_img_23_8.png,1610602279430970.8,1610602279435015.8
239,neg_img_23_9.png,1610602279435015.8,1610602279439061.0
240,neg_img_24_0.png,1610602279439061.0,1610602279443106.2
241,neg_img_24_1.png,1610602279443106.2,1610602279447151.2
242,neg_img_24_2.png,1610602279447151.2,1610602279451196.5
243,neg_img_24_3.png,1610602279451196.5,1610602279455241.8
244,neg_img_24_4.png,1610602279455241.8,1610602279459287.0
245,neg_img_24_5.png,1610602279459287.0,1610602279463332.0
246,neg_img_24_6.png,1610602279463332.0,1610602279467377.2
247,neg_img_24_7.png,1610602279467377.2,1610602279471422.5
248,neg_img_24_8.png,1610602279471422.5,1610602279475467.5
249,neg_img_24_9.png,1610602279475467.5,1610602279479512.8
250,neg_img_25_0.png,1610602279479512.8,1610602279483558.0
251,neg_img_25_1.png,1610602279483558.0,1610602279487603.0
252,neg_img_25_2.png,1610602279487603.0,1610602279491648.2
253,neg_img_25_3.png,1610602279491648.2,1610602279495693.5
254,neg_img_25_4.png,1610602279495693.5,1610602279499738.5
255,neg_img_25_5.png,1610602279499738.5,1610602279503783.8
256,neg_img_25_6.png,1610602279503783.8,1610602279507829.0
257,neg_img_25_7.png,1610602279507829.0,1610602279511874.2
258,neg_img_25_8.png,1610602279511874.2,1610602279515919.2
259,neg_img_25_9.png,1610602279515919.2,1610602279519964.5
260,neg_img_26_0.png,1610602279519964.5,1610602279524009.8
261,neg_img_26_1.png,1610602279524009.8,1610602279528054.8
262,neg_img_26_2.png,1610602279528054.8,1610602279532100.0
263,neg_img_26_3.png,1610602279532100.0,1610602279536145.2
264,neg_img_26_4.png,1610602279536145.2,1610602279540190.5
265,neg_img_26_5.png,1610602279540190.5,1610602279544235.5
266,neg_img_26_6.png,1610602279544235.5,1610602279548280.8
267,neg_img_26_7.png,1610602279548280.8,1610602279552326.0
268,neg_img_26_8.png,1610602279552326.0,1610602279556371.0
269,neg_img_26_9.png,1610602279556371.0,1610602279560416.2
270,neg_img_27_0.png,1610602279560416.2,1610602279564461.5
271,neg_img_27_1.png,1610602279564461.5,1610602279568506.5
272,neg_img_27_2.png,1610602279568506.5,1610602279572551.8
273,neg_img_27_3.png,1610602279572551.8,1610602279576597.0
274,neg_img_27_4.png,1610602279576597.0,1610602279580642.0
275,neg_img_27_5.png,1610602279580642.0,1610602279584687.2
276,neg_img_27_6.png,1610602279584687.2,1610602279588732.5
277,neg_img_27_7.png,1610602279588732.5,1610602279592777.8
278,neg_img_27_8.png,1610602279592777.8,1610602279596822.8
279,neg_img_27_9.png,1610602279596822.8,1610602279600868.0
280,neg_img_28_0.png,1610602279600868.0,1610602279604913.2
281,neg_img_28_1.png,1610602279604913.2,1610602279608958.2
282,neg_img_28_2.png,1610602279608958.2,1610602279613003.5
283,neg_img_28_3.png,1610602279613003.5,1610602279617048.8
284,neg_img_28_4.png,1610602279617048.8,1610602279621094.0
285,neg_img_28_5.png,1610602279621094.0,1610602279625139.0
286,neg_img_28_6.png,1610602279625139.0,1610602279629184.2
287,neg_img_28_7.png,1610602279629184.2,1610602279633229.5
288,neg_img_28_8.png,1610602279633229.5,1610602279637274.5
289,neg_img_28_9.png,1610602279637274.5,1610602279641319.8
290,neg_img_29_0.png,1610602279641319.8,1610602279645365.0
291,neg_img_29_1.png,1610602279645365.0,1610602279649410.0
292,neg_img_29_2.png,1610602279649410.0,1610602279653455.2
293,neg_img_29_3.png,1610602279653455.2,1610602279657500.5
294,neg_img_29_4.png,1610602279657500.5,1610602279661545.5
295,neg_img_29_5.png,1610602279661545.5,1610602279665590.8
296,neg_img_29_6.png,1610602279665590.8,1610602279669636.0
297,neg_img_29_7.png,1610602279669636.0,1610602279673681.2
298,neg_img_29_8.png,1610602279673681.2,1610602279677726.2
299,neg_img_29_9.png,1610602279677726.2,1610602279681771.5
300,neg_img_30_0.png,1610602279681771.5,1610602279685816.8
301,neg_img_30_1.png,1610602279685816.8,1610602279689861.8
302,neg_img_30_2.png,1610602279689861.8,1610602279693907.0
303,neg_img_30_3.png,1610602279693907.0,1610602279697952.2
304,neg_img_30_4.png,1610602279697952.2,1610602279701997.5
305,neg_img_30_5.png,1610602279701997.5,1610602279706042.5
306,neg_img_30_6.png,1610602279706042.5,1610602279710087.8
307,neg_img_30_7.png,1610602279710087.8,1610602279714133.0
308,neg_img_30_8.png,1610602279714133.0,1610602279718178.0
309,neg_img_30_9.png,1610602279718178.0,1610602279722223.2
310,neg_img_31_0.png,1610602279722223.2,1610602279726268.5
311,neg_img_31_1.png,1610602279726268.5,1610602279730313.5
312,neg_img_31_2.png,1610602279730313.5,1610602279734358.8
313,neg_img_31_3.png,1610602279734358.8,1610602279738404.0
314,neg_img_31_4.png,1610602279738404.0,1610602279742449.0
315,neg_img_31_5.png,1610602279742449.0,1610602279746494.2
316,neg_img_31_6.png,1610602279746494.2,1610602279750539.5
317,neg_img_31_7.png,1610602279750539.5,1610602279754584.8
318,neg_img_31_8.png,1610602279754584.8,1610602279758629.8
319,neg_img_31_9.png,1610602279758629.8,1610602279762675.0
320,neg_img_32_0.png,1610602279762675.0,1610602279766720.2
321,neg_img_32_1.png,1610602279766720.2,1610602279770765.2
322,neg_img_32_2.png,1610602279770765.2,1610602279774810.5
323,neg_img_32_3.png,1610602279774810.5,1610602279778855.8
324,neg_img_32_4.png,1610602279778855.8,1610602279782901.0
325,neg_img_32_5.png,1610602279782901.0,1610602279786946.0
326,neg_img_32_6.png,1610602279786946.0,1610602279790991.2
327,neg_img_32_7.png,1610602279790991.2,1610602279795036.5
328,neg_img_32_8.png,1610602279795036.5,1610602279799081.5
329,neg_img_32_9.png,1610602279799081.5,1610602279803126.8
330,neg_img_33_0.png,1610602279803126.8,1610602279807172.0
331,neg_img_33_1.png,1610602279807172.0,1610602279811217.0
332,neg_img_33_2.png,1610602279811217.0,1610602279815262.2
333,neg_img_33_3.png,1610602279815262.2,1610602279819307.5
334,neg_img_33_4.png,1610602279819307.5,1610602279823352.5
335,neg_img_33_5.png,1610602279823352.5,1610602279827397.8
336,neg_img_33_6.png,1610602279827397.8,1610602279831443.0
337,neg_img_33_7.png,1610602279831443.0,1610602279835488.2
338,neg_img_33_8.png,1610602279835488.2,1610602279839533.2
339,neg_img_33_9.png,1610602279839533.2,1610602279843578.5
340,neg_img_34_0.png,1610602279843578.5,1610602279847623.8
341,neg_img_34_1.png,1610602279847623.8,1610602279851668.8
342,neg_img_34_2.png,1610602279851668.8,1610602279855714.0
343,neg_img_34_3.png,1610602279855714.0,1610602279859759.2
344,neg_img_34_4.png,1610602279859759.2,1610602279863804.5
345,neg_img_34_5.png,1610602279863804.5,1610602279867849.5
346,neg_img_34_6.png,1610602279867849.5,1610602279871894.8
347,neg_img_34_7.png,1610602279871894.8,1610602279875940.0
348,neg_img_34_8.png,1610602279875940.0,1610602279879985.0
349,neg_img_34_9.png,1610602279879985.0,1610602279884030.2
350,neg_img_35_0.png,1610602279884030.2,1610602279888075.5
351,neg_img_35_1.png,1610602279888075.5,1610602279892120.5
352,neg_img_35_2.png,1610602279892120.5,1610602279896165.8
353,neg_img_35_3.png,1610602279896165.8,1610602279900211.0
354,neg_img_35_4.png,1610602279900211.0,1610602279904256.0
355,neg_img_35_5.png,1610602279904256.0,1610602279908301.2
356,neg_img_35_6.png,1610602279908301.2,1610602279912346.5
357,neg_img_35_7.png,1610602279912346.5,1610602279916391.8
358,neg_img_35_8.png,1610602279916391.8,1610602279920436.8
359,neg_img_35_9.png,1610602279920436.8,1610602279924482.0
360,neg_img_36_0.png,1610602279924482.0,1610602279928527.2
361,neg_img_36_1.png,1610602279928527.2,1610602279932572.2
362,neg_img_36_2.png,1610602279932572.2,1610602279936617.5
363,neg_img_36_3.png,1610602279936617.5,1610602279940662.8
364,neg_img_36_4.png,1610602279940662.8,1610602279944708.0
365,neg_img_36_5.png,1610602279944708.0,1610602279948753.0
366,neg_img_36_6.png,1610602279948753.0,1610602279952798.2
367,neg_img_36_7.png,1610602279952798.2,1610602279956843.5
368,neg_img_36_8.png,1610602279956843.5,1610602279960888.5
369,neg_img_36_9.png,1610602279960888.5,1610602279964933.8
370,neg_img_37_0.png,1610602279964933.8,1610602279968979.0
371,neg_img_37_1.png,1610602279968979.0,1610602279973024.0
372,neg_img_37_2.png,1610602279973024.0,1610602279977069.2
373,neg_img_37_3.png,1610602279977069.2,1610602279981114.5
374,neg_img_37_4.png,1610602279981114.5,1610602279985159.5
375,neg_img_37_5.png,1610602279985159.5,1610602279989204.8
376,neg_img_37_6.png,1610602279989204.8,1610602279993250.0
377,neg_img_37_7.png,1610602279993250.0,1610602279997295.2
378,neg_img_37_8.png,1610602279997295.2,1610602280001340.2
379,neg_img_37_9.png,1610602280001340.2,1610602280005385.5
380,neg_img_38_0.png,1610602280005385.5,1610602280009430.8
381,neg_img_38_1.png,1610602280009430.8,1610602280013475.8
382,neg_img_38_2.png,1610602280013475.8,1610602280017521.0
383,neg_img_38_3.png,1610602280017521.0,1610602280021566.2
384,neg_img_38_4.png,1610602280021566.2,1610602280025611.5
385,neg_img_38_5.png,1610602280025611.5,1610602280029656.5
386,neg_img_38_6.png,1610602280029656.5,1610602280033701.8
387,neg_img_38_7.png,1610602280033701.8,1610602280037747.0
388,neg_img_38_8.png,1610602280037747.0,1610602280041792.0
389,neg_img_38_9.png,1610602280041792.0,1610602280045837.2
390,neg_img_39_0.png,1610602280045837.2,1610602280049882.5
391,neg_img_39_1.png,1610602280049882.5,1610602280053927.5
392,neg_img_39_2.png,1610602280053927.5,1610602280057972.8
393,neg_img_39_3.png,1610602280057972.8,1610602280062018.0
394,neg_img_39_4.png,1610602280062018.0,1610602280066063.0
395,neg_img_39_5.png,1610602280066063.0,1610602280070108.2
396,neg_img_39_6.png,1610602280070108.2,1610602280074153.5
397,neg_img_39_7.png,1610602280074153.5,1610602280078198.8
398,neg_img_39_8.png,1610602280078198.8,1610602280082243.8
399,neg_img_39_9.png,1610602280082243.8,1610602280086289.0
400,neg_img_40_0.png,1610602280086289.0,1610602280090334.2
401,neg_img_40_1.png,1610602280090334.2,1610602280094379.2
402,neg_img_40_2.png,1610602280094379.2,1610602280098424.5
403,neg_img_40_3.png,1610602280098424.5,1610602280102469.8
404,neg_img_40_4.png,1610602280102469.8,1610602280106515.0
405,neg_img_40_5.png,1610602280106515.0,1610602280110560.0
406,neg_img_40_6.png,1610602280110560.0,1610602280114605.2
407,neg_img_40_7.png,1610602280114605.2,1610602280118650.5
408,neg_img_40_8.png,1610602280118650.5,1610602280122695.5
409,neg_img_40_9.png,1610602280122695.5,1610602280126740.8
410,neg_img_41_0.png,1610602280126740.8,1610602280130786.0
411,neg_img_41_1.png,1610602280130786.0,1610602280134831.0
412,neg_img_41_2.png,1610602280134831.0,1610602280138876.2
413,neg_img_41_3.png,1610602280138876.2,1610602280142921.5
414,neg_img_41_4.png,1610602280142921.5,1610602280146966.5
415,neg_img_41_5.png,1610602280146966.5,1610602280151011.8
416,neg_img_41_6.png,1610602280151011.8,1610602280155057.0
417,neg_img_41_7.png,1610602280155057.0,1610602280159102.2
418,neg_img_41_8.png,1610602280159102.2,1610602280163147.2
419,neg_img_41_9.png,1610602280163147.2,1610602280167192.5
420,neg_img_42_0.png,1610602280167192.5,1610602280171237.8
421,neg_img_42_1.png,1610602280171237.8,1610602280175282.8
422,neg_img_42_2.png,1610602280175282.8,1610602280179328.0
423,neg_img_42_3.png,1610602280179328.0,1610602280183373.2
424,neg_img_42_4.png,1610602280183373.2,1610602280187418.5
425,neg_img_42_5.png,1610602280187418.5,1610602280191463.5
426,neg_img_42_6.png,1610602280191463.5,1610602280195508.8
427,neg_img_42_7.png,1610602280195508.8,1610602280199554.0
428,neg_img_42_8.png,1610602280199554.0,1610602280203599.0
429,neg_img_42_9.png,1610602280203599.0,1610602280207644.2
430,neg_img_43_0.png,1610602280207644.2,1610602280211689.5
431,neg_img_43_1.png,1610602280211689.5,1610602280215734.5
432,neg_img_43_2.png,1610602280215734.5,1610602280219779.8
433,neg_img_43_3.png,1610602280219779.8,1610602280223825.0
434,neg_img_43_4.png,1610602280223825.0,1610602280227870.0
435,neg_img_43_5.png,1610602280227870.0,1610602280231915.2
436,neg_img_43_6.png,1610602280231915.2,1610602280235960.5
437,neg_img_43_7.png,1610602280235960.5,1610602280240005.8
438,neg_img_43_8.png,1610602280240005.8,1610602280244050.8
439,neg_img_43_9.png,1610602280244050.8,1610602280248096.0
440,neg_img_44_0.png,1610602280248096.0,1610602280252141.2
441,neg_img_44_1.png,1610602280252141.2,1610602280256186.2
442,neg_img_44_2.png,1610602280256186.2,1610602280260231.5
443,neg_img_44_3.png,1610602280260231.5,1610602280264276.8
444,neg_img_44_4.png,1610602280264276.8,1610602280268322.0
445,neg_img_44_5.png,1610602280268322.0,1610602280272367.0
446,neg_img_44_6.png,1610602280272367.0,1610602280276412.2
447,neg_img_44_7.png,1610602280276412.2,1610602280280457.5
448,neg_img_44_8.png,1610602280280457.5,1610602280284502.5
449,neg_img_44_9.png,1610602280284502.5,1610602280288547.8
450,neg_img_45_0.png,1610602280288547.8,1610602280292593.0
451,neg_img_45_1.png,1610602280292593.0,1610602280296638.0
452,neg_img_45_2.png,1610602280296638.0,1610602280300683.2
453,neg_img_45_3.png,1610602280300683.2,1610602280304728.5
454,neg_img_45_4.png,1610602280304728.5,1610602280308773.5
455,neg_img_45_5.png,1610602280308773.5,1610602280312818.8
456,neg_img_45_6.png,1610602280312818.8,1610602280316864.0
457,neg_img_45_7.png,1610602280316864.0,1610602280320909.2
458,neg_img_45_8.png,1610602280320909.2,1610602280324954.2
459,neg_img_45_9.png,1610602280324954.2,1610602280328999.5
460,neg_img_46_0.png,1610602280328999.5,1610602280333044.8
461,neg_img_46_1.png,1610602280333044.8,1610602280337089.8
462,neg_img_46_2.png,1610602280337089.8,1610602280341135.0
463,neg_img_46_3.png,1610602280341135.0,1610602280345180.2
464,neg_img_46_4.png,1610602280345180.2,1610602280349225.5
465,neg_img_46_5.png,1610602280349225.5,1610602280353270.5
466,neg_img_46_6.png,1610602280353270.5,1610602280357315.8
467,neg_img_46_7.png,1610602280357315.8,1610602280361361.0
468,neg_img_46_8.png,1610602280361361.0,1610602280365406.0
469,neg_img_46_9.png,1610602280365406.0,1610602280369451.2
470,neg_img_47_0.png,1610602280369451.2,1610602280373496.5
471,neg_img_47_1.png,1610602280373496.5,1610602280377541.5
472,neg_img_47_2.png,1610602280377541.5,1610602280381586.8
473,neg_img_47_3.png,1610602280381586.8,1610602280385632.0
474,neg_img_47_4.png,1610602280385632.0,1610602280389677.0
475,neg_img_47_5.png,1610602280389677.0,1610602280393722.2
476,neg_img_47_6.png,1610602280393722.2,1610602280397767.5
477,neg_img_47_7.png,1610602280397767.5,1610602280401812.8
478,neg_img_47_8.png,1610602280401812.8,1610602280405857.8
479,neg_img_47_9.png,1610602280405857.8,1610602280409903.0
480,neg_img_48_0.png,1610602280409903.0,1610602280413948.2
481,neg_img_48_1.png,1610602280413948.2,1610602280417993.2
482,neg_img_48_2.png,1610602280417993.2,1610602280422038.5
483,neg_img_48_3.png,1610602280422038.5,1610602280426083.8
484,neg_img_48_4.png,1610602280426083.8,1610602280430129.0
485,neg_img_48_5.png,1610602280430129.0,1610602280434174.0
486,neg_img_48_6.png,1610602280434174.0,1610602280438219.2
487,neg_img_48_7.png,1610602280438219.2,1610602280442264.5
488,neg_img_48_8.png,1610602280442264.5,1610602280446309.5
489,neg_img_48_9.png,1610602280446309.5,1610602280450354.8
490,neg_img_49_0.png,1610602280450354.8,1610602280454400.0
491,neg_img_49_1.png,1610602280454400.0,1610602280458445.0
492,neg_img_49_2.png,1610602280458445.0,1610602280462490.2
493,neg_img_49_3.png,1610602280462490.2,1610602280466535.5
494,neg_img_49_4.png,1610602280466535.5,1610602280470580.5
495,neg_img_49_5.png,1610602280470580.5,1610602280474625.8
496,neg_img_49_6.png,1610602280474625.8,1610602280478671.0
497,neg_img_49_7.png,1610602280478671.0,1610602280482716.2
498,neg_img_49_8.png,1610602280482716.2,1610602280486761.2
499,neg_img_49_9.png,1610602280486761.2,1610602280490806.5
500,neg_img_50_0.png,1610602280490806.5,1610602280494851.8
501,neg_img_50_1.png,1610602280494851.8,1610602280498896.8
502,neg_img_50_2.png,1610602280498896.8,1610602280502942.0
503,neg_img_50_3.png,1610602280502942.0,1610602280506987.2
504,neg_img_50_4.png,1610602280506987.2,1610602280511032.5
505,neg_img_50_5.png,1610602280511032.5,1610602280515077.5
506,neg_img_50_6.png,1610602280515077.5,1610602280519122.8
507,neg_img_50_7.png,1610602280519122.8,1610602280523168.0
508,neg_img_50_8.png,1610602280523168.0,1610602280527213.0
509,neg_img_50_9.png,1610602280527213.0,1610602280531258.2
510,neg_img_51_0.png,1610602280531258.2,1610602280535303.5
511,neg_img_51_1.png,1610602280535303.5,1610602280539348.5
512,neg_img_51_2.png,1610602280539348.5,1610602280543393.8
513,neg_img_51_3.png,1610602280543393.8,1610602280547439.0
514,neg_img_51_4.png,1610602280547439.0,1610602280551484.0
515,neg_img_51_5.png,1610602280551484.0,1610602280555529.2
516,neg_img_51_6.png,1610602280555529.2,1610602280559574.5
517,neg_img_51_7.png,1610602280559574.5,1610602280563619.8
518,neg_img_51_8.png,1610602280563619.8,1610602280567664.8
519,neg_img_51_9.png,1610602280567664.8,1610602280571710.0
520,neg_img_52_0.png,1610602280571710.0,1610602280575755.2
521,neg_img_52_1.png,1610602280575755.2,1610602280579800.2
522,neg_img_52_2.png,1610602280579800.2,1610602280583845.5
523,neg_img_52_3.png,1610602280583845.5,1610602280587890.8
524,neg_img_52_4.png,1610602280587890.8,1610602280591936.0
525,neg_img_52_5.png,1610602280591936.0,1610602280595981.0
526,neg_img_52_6.png,1610602280595981.0,1610602280600026.2
527,neg_img_52_7.png,1610602280600026.2,1610602280604071.5
528,neg_img_52_8.png,1610602280604071.5,1610602280608116.5
529,neg_img_52_9.png,1610602280608116.5,1610602280612161.8
530,neg_img_53_0.png,1610602280612161.8,1610602280616207.0
531,neg_img_53_1.png,1610602280616207.0,1610602280620252.0
532,neg_img_53_2.png,1610602280620252.0,1610602280624297.2
533,neg_img_53_3.png,1610602280624297.2,1610602280628342.5
534,neg_img_53_4.png,1610602280628342.5,1610602280632387.5
535,neg_img_53_5.png,1610602280632387.5,1610602280636432.8
536,neg_img_53_6.png,1610602280636432.8,1610602280640478.0
537,neg_img_53_7.png,1610602280640478.0,1610602280644523.2
538,neg_img_53_8.png,1610602280644523.2,1610602280648568.2
539,neg_img_53_9.png,1610602280648568.2,1610602280652613.5
540,neg_img_54_0.png,1610602280652613.5,1610602280656658.8
541,neg_img_54_1.png,1610602280656658.8,1610602280660703.8
542,neg_img_54_2.png,1610602280660703.8,1610602280664749.0
543,neg_img_54_3.png,1610602280664749.0,1610602280668794.2
544,neg_img_54_4.png,1610602280668794.2,1610602280672839.5
545,neg_img_54_5.png,1610602280672839.5,1610602280676884.5
546,neg_img_54_6.png,1610602280676884.5,1610602280680929.8
547,neg_img_54_7.png,1610602280680929.8,1610602280684975.0
548,neg_img_54_8.png,1610602280684975.0,1610602280689020.0
549,neg_img_54_9.png,1610602280689020.0,1610602280693065.2
550,neg_img_55_0.png,1610602280693065.2,1610602280697110.5
551,neg_img_55_1.png,1610602280697110.5,1610602280701155.5
552,neg_img_55_2.png,1610602280701155.5,1610602280705200.8
553,neg_img_55_3.png,1610602280705200.8,1610602280709246.0
554,neg_img_55_4.png,1610602280709246.0,1610602280713291.0
555,neg_img_55_5.png,1610602280713291.0,1610602280717336.2
556,neg_img_55_6.png,1610602280717336.2,1610602280721381.5
557,neg_img_55_7.png,1610602280721381.5,1610602280725426.8
558,neg_img_55_8.png,1610602280725426.8,1610602280729471.8
559,neg_img_55_9.png,1610602280729471.8,1610602280733517.0
560,neg_img_56_0.png,1610602280733517.0,1610602280737562.2
561,neg_img_56_1.png,1610602280737562.2,1610602280741607.2
562,neg_img_56_2.png,1610602280741607.2,1610602280745652.5
563,neg_img_56_3.png,1610602280745652.5,1610602280749697.8
564,neg_img_56_4.png,1610602280749697.8,1610602280753743.0
565,neg_img_56_5.png,1610602280753743.0,1610602280757788.0
566,neg_img_56_6.png,1610602280757788.0,1610602280761833.2
567,neg_img_56_7.png,1610602280761833.2,1610602280765878.5
568,neg_img_56_8.png,1610602280765878.5,1610602280769923.5
569,neg_img_56_9.png,1610602280769923.5,1610602280773968.8
570,neg_img_57_0.png,1610602280773968.8,1610602280778014.0
571,neg_img_57_1.png,1610602280778014.0,1610602280782059.0
572,neg_img_57_2.png,1610602280782059.0,1610602280786104.2
573,neg_img_57_3.png,1610602280786104.2,1610602280790149.5
574,neg_img_57_4.png,1610602280790149.5,1610602280794194.5
575,neg_img_57_5.png,1610602280794194.5,1610602280798239.8
576,neg_img_57_6.png,1610602280798239.8,1610602280802285.0
577,neg_img_57_7.png,1610602280802285.0,1610602280806330.2
578,neg_img_57_8.png,1610602280806330.2,1610602280810375.2
579,neg_img_57_9.png,1610602280810375.2,1610602280814420.5
580,neg_img_58_0.png,1610602280814420.5,1610602280818465.8
581,neg_img_58_1.png,1610602280818465.8,1610602280822510.8
582,neg_img_58_2.png,1610602280822510.8,1610602280826556.0
583,neg_img_58_3.png,1610602280826556.0,1610602280830601.2
584,neg_img_58_4.png,1610602280830601.2,1610602280834646.5
585,neg_img_58_5.png,1610602280834646.5,1610602280838691.5
586,neg_img_58_6.png,1610602280838691.5,1610602280842736.8
587,neg_img_58_7.png,1610602280842736.8,1610602280846782.0
588,neg_img_58_8.png,1610602280846782.0,1610602280850827.0
589,neg_img_58_9.png,1610602280850827.0,1610602280854872.2
590,neg_img_59_0.png,1610602280854872.2,1610602280858917.5
591,neg_img_59_1.png,1610602280858917.5,1610602280862962.5
592,neg_img_59_2.png,1610602280862962.5,1610602280867007.8
593,neg_img_59_3.png,1610602280867007.8,1610602280871053.0
594,neg_img_59_4.png,1610602280871053.0,1610602280875098.0
595,neg_img_59_5.png,1610602280875098.0,1610602280879143.2
596,neg_img_59_6.png,1610602280879143.2,1610602280883188.5
597,neg_img_59_7.png,1610602280883188.5,1610602280887233.8
598,neg_img_59_8.png,1610602280887233.8,1610602280891278.8
599,neg_img_59_9.png,1610602280891278.8,1610602280895324.0
600,neg_img_60_0.png,1610602280895324.0,1610602280899369.2
601,neg_img_60_1.png,1610602280899369.2,1610602280903414.2
602,neg_img_60_2.png,1610602280903414.2,1610602280907459.5
603,neg_img_60_3.png,1610602280907459.5,1610602280911504.8
604,neg_img_60_4.png,1610602280911504.8,1610602280915550.0
605,neg_img_60_5.png,1610602280915550.0,1610602280919595.0
606,neg_img_60_6.png,1610602280919595.0,1610602280923640.2
607,neg_img_60_7.png,1610602280923640.2,1610602280927685.5
608,neg_img_60_8.png,1610602280927685.5,1610602280931730.5
609,neg_img_60_9.png,1610602280931730.5,1610602280935775.8
610,neg_img_61_0.png,1610602280935775.8,1610602280939821.0
611,neg_img_61_1.png,1610602280939821.0,1610602280943866.0
612,neg_img_61_2.png,1610602280943866.0,1610602280947911.2
613,neg_img_61_3.png,1610602280947911.2,1610602280951956.5
614,neg_img_61_4.png,1610602280951956.5,1610602280956001.5
615,neg_img_61_5.png,1610602280956001.5,1610602280960046.8
616,neg_img_61_6.png,1610602280960046.8,1610602280964092.0
617,neg_img_61_7.png,1610602280964092.0,1610602280968137.2
618,neg_img_61_8.png,1610602280968137.2,1610602280972182.2
619,neg_img_61_9.png,1610602280972182.2,1610602280976227.5
620,neg_img_62_0.png,1610602280976227.5,1610602280980272.8
621,neg_img_62_1.png,1610602280980272.8,1610602280984317.8
622,neg_img_62_2.png,1610602280984317.8,1610602280988363.0
623,neg_img_62_3.png,1610602280988363.0,1610602280992408.2
624,neg_img_62_4.png,1610602280992408.2,1610602280996453.5
625,neg_img_62_5.png,1610602280996453.5,1610602281000498.5
626,neg_img_62_6.png,1610602281000498.5,1610602281004543.8
627,neg_img_62_7.png,1610602281004543.8,1610602281008589.0
628,neg_img_62_8.png,1610602281008589.0,1610602281012634.0
629,neg_img_62_9.png,1610602281012634.0,1610602281016679.2
630,neg_img_63_0.png,1610602281016679.2,1610602281020724.5
631,neg_img_63_1.png,1610602281020724.5,1610602281024769.5
632,neg_img_63_2.png,1610602281024769.5,1610602281028814.8
633,neg_img_63_3.png,1610602281028814.8,1610602281032860.0
634,neg_img_63_4.png,1610602281032860.0,1610602281036905.0
635,neg_img_63_5.png,1610602281036905.0,1610602281040950.2
636,neg_img_63_6.png,1610602281040950.2,1610602281044995.5
637,neg_img_63_7.png,1610602281044995.5,1610602281049040.8
638,neg_img_63_8.png,1610602281049040.8,1610602281053085.8
639,neg_img_63_9.png,1610602281053085.8,1610602281057131.0
640,neg_img_64_0.png,1610602281057131.0,1610602281061176.2
641,neg_img_64_1.png,1610602281061176.2,1610602281065221.2
642,neg_img_64_2.png,1610602281065221.2,1610602281069266.5
643,neg_img_64_3.png,1610602281069266.5,1610602281073311.8
644,neg_img_64_4.png,1610602281073311.8,1610602281077357.0
645,neg_img_64_5.png,1610602281077357.0,1610602281081402.0
646,neg_img_64_6.png,1610602281081402.0,1610602281085447.2
647,neg_img_64_7.png,1610602281085447.2,1610602281089492.5
648,neg_img_64_8.png,1610602281089492.5,1610602281093537.5
649,neg_img_64_9.png,1610602281093537.5,1610602281097582.8
650,neg_img_65_0.png,1610602281097582.8,1610602281101628.0
651,neg_img_65_1.png,1610602281101628.0,1610602281105673.0
652,neg_img_65_2.png,1610602281105673.0,1610602281109718.2
653,neg_img_65_3.png,1610602281109718.2,1610602281113763.5
654,neg_img_65_4.png,1610602281113763.5,1610602281117808.5
655,neg_img_65_5.png,1610602281117808.5,1610602281121853.8
656,neg_img_65_6.png,1610602281121853.8,1610602281125899.0
657,neg_img_65_7.png,1610602281125899.0,1610602281129944.2
658,neg_img_65_8.png,1610602281129944.2,1610602281133989.2
659,neg_img_65_9.png,1610602281133989.2,1610602281138034.5
660,neg_img_66_0.png,1610602281138034.5,1610602281142079.8
661,neg_img_66_1.png,1610602281142079.8,1610602281146124.8
662,neg_img_66_2.png,1610602281146124.8,1610602281150170.0
663,neg_img_66_3.png,1610602281150170.0,1610602281154215.2
664,neg_img_66_4.png,1610602281154215.2,1610602281158260.5
665,neg_img_66_5.png,1610602281158260.5,1610602281162305.5
666,neg_img_66_6.png,1610602281162305.5,1610602281166350.8
667,neg_img_66_7.png,1610602281166350.8,1610602281170396.0
668,neg_img_66_8.png,1610602281170396.0,1610602281174441.0
669,neg_img_66_9.png,1610602281174441.0,1610602281178486.2
670,neg_img_67_0.png,1610602281178486.2,1610602281182531.5
671,neg_img_67_1.png,1610602281182531.5,1610602281186576.5
672,neg_img_67_2.png,1610602281186576.5,1610602281190621.8
673,neg_img_67_3.png,1610602281190621.8,1610602281194667.0
674,neg_img_67_4.png,1610602281194667.0,1610602281198712.0
675,neg_img_67_5.png,1610602281198712.0,1610602281202757.2
676,neg_img_67_6.png,1610602281202757.2,1610602281206802.5
677,neg_img_67_7.png,1610602281206802.5,1610602281210847.8
678,neg_img_67_8.png,1610602281210847.8,1610602281214892.8
679,neg_img_67_9.png,1610602281214892.8,1610602281218938.0
680,neg_img_68_0.png,1610602281218938.0,1610602281222983.2
681,neg_img_68_1.png,1610602281222983.2,1610602281227028.2
682,neg_img_68_2.png,1610602281227028.2,1610602281231073.5
683,neg_img_68_3.png,1610602281231073.5,1610602281235118.8
684,neg_img_68_4.png,1610602281235118.8,1610602281239164.0
685,neg_img_68_5.png,1610602281239164.0,1610602281243209.0
686,neg_img_68_6.png,1610602281243209.0,1610602281247254.2
687,neg_img_68_7.png,1610602281247254.2,1610602281251299.5
688,neg_img_68_8.png,1610602281251299.5,1610602281255344.5
689,neg_img_68_9.png,1610602281255344.5,1610602281259389.8
690,neg_img_69_0.png,1610602281259389.8,1610602281263435.0
691,neg_img_69_1.png,1610602281263435.0,1610602281267480.0
692,neg_img_69_2.png,1610602281267480.0,1610602281271525.2
693,neg_img_69_3.png,1610602281271525.2,1610602281275570.5
694,neg_img_69_4.png,1610602281275570.5,1610602281279615.5
695,neg_img_69_5.png,1610602281279615.5,1610602281283660.8
696,neg_img_69_6.png,1610602281283660.8,1610602281287706.0
697,neg_img_69_7.png,1610602281287706.0,1610602281291751.2
698,neg_img_69_8.png,1610602281291751.2,1610602281295796.2
699,neg_img_69_9.png,1610602281295796.2,1610602281299841.5
700,neg_img_70_0.png,1610602281299841.5,1610602281303886.8
701,neg_img_70_1.png,1610602281303886.8,1610602281307931.8
702,neg_img_70_2.png,1610602281307931.8,1610602281311977.0
703,neg_img_70_3.png,1610602281311977.0,1610602281316022.2
704,neg_img_70_4.png,1610602281316022.2,1610602281320067.5
705,neg_img_70_5.png,1610602281320067.5,1610602281324112.5
706,neg_img_70_6.png,1610602281324112.5,1610602281328157.8
707,neg_img_70_7.png,1610602281328157.8,1610602281332203.0
708,neg_img_70_8.png,1610602281332203.0,1610602281336248.0
709,neg_img_70_9.png,1610602281336248.0,1610602281340293.2
710,neg_img_71_0.png,1610602281340293.2,1610602281344338.5
711,neg_img_71_1.png,1610602281344338.5,1610602281348383.5
712,neg_img_71_2.png,1610602281348383.5,1610602281352428.8
713,neg_img_71_3.png,1610602281352428.8,1610602281356474.0
714,neg_img_71_4.png,1610602281356474.0,1610602281360519.0
715,neg_img_71_5.png,1610602281360519.0,1610602281364564.2
716,neg_img_71_6.png,1610602281364564.2,1610602281368609.5
717,neg_img_71_7.png,1610602281368609.5,1610602281372654.8
718,neg_img_71_8.png,1610602281372654.8,1610602281376699.8
719,neg_img_71_9.png,1610602281376699.8,1610602281380745.0
720,neg_img_72_0.png,1610602281380745.0,1610602281384790.2
721,neg_img_72_1.png,1610602281384790.2,1610602281388835.2
722,neg_img_72_2.png,1610602281388835.2,1610602281392880.5
723,neg_img_72_3.png,1610602281392880.5,1610602281396925.8
724,neg_img_72_4.png,1610602281396925.8,1610602281400971.0
725,neg_img_72_5.png,1610602281400971.0,1610602281405016.0
726,neg_img_72_6.png,1610602281405016.0,1610602281409061.2
727,neg_img_72_7.png,1610602281409061.2,1610602281413106.5
728,neg_img_72_8.png,1610602281413106.5,1610602281417151.5
729,neg_img_72_9.png,1610602281417151.5,1610602281421196.8
730,neg_img_73_0.png,1610602281421196.8,1610602281425242.0
731,neg_img_73_1.png,1610602281425242.0,1610602281429287.0
732,neg_img_73_2.png,1610602281429287.0,1610602281433332.2
733,neg_img_73_3.png,1610602281433332.2,1610602281437377.5
734,neg_img_73_4.png,1610602281437377.5,1610602281441422.5
735,neg_img_73_5.png,1610602281441422.5,1610602281445467.8
736,neg_img_73_6.png,1610602281445467.8,1610602281449513.0
737,neg_img_73_7.png,1610602281449513.0,1610602281453558.2
738,neg_img_73_8.png,1610602281453558.2,1610602281457603.2
739,neg_img_73_9.png,1610602281457603.2,1610602281461648.5
740,neg_img_74_0.png,1610602281461648.5,1610602281465693.8
741,neg_img_74_1.png,1610602281465693.8,1610602281469738.8
742,neg_img_74_2.png,1610602281469738.8,1610602281473784.0
743,neg_img_74_3.png,1610602281473784.0,1610602281477829.2
744,neg_img_74_4.png,1610602281477829.2,1610602281481874.5
745,neg_img_74_5.png,1610602281481874.5,1610602281485919.5
746,neg_img_74_6.png,1610602281485919.5,1610602281489964.8
747,neg_img_74_7.png,1610602281489964.8,1610602281494010.0
748,neg_img_74_8.png,1610602281494010.0,1610602281498055.0
749,neg_img_74_9.png,1610602281498055.0,1610602281502100.2
750,neg_img_75_0.png,1610602281502100.2,1610602281506145.5
751,neg_img_75_1.png,1610602281506145.5,1610602281510190.5
752,neg_img_75_2.png,1610602281510190.5,1610602281514235.8
753,neg_img_75_3.png,1610602281514235.8,1610602281518281.0
754,neg_img_75_4.png,1610602281518281.0,1610602281522326.0
755,neg_img_75_5.png,1610602281522326.0,1610602281526371.2
756,neg_img_75_6.png,1610602281526371.2,1610602281530416.5
757,neg_img_75_7.png,1610602281530416.5,1610602281534461.8
758,neg_img_75_8.png,1610602281534461.8,1610602281538506.8
759,neg_img_75_9.png,1610602281538506.8,1610602281542552.0
760,neg_img_76_0.png,1610602281542552.0,1610602281546597.2
761,neg_img_76_1.png,1610602281546597.2,1610602281550642.2
762,neg_img_76_2.png,1610602281550642.2,1610602281554687.5
763,neg_img_76_3.png,1610602281554687.5,1610602281558732.8
764,neg_img_76_4.png,1610602281558732.8,1610602281562778.0
765,neg_img_76_5.png,1610602281562778.0,1610602281566823.0
766,neg_img_76_6.png,1610602281566823.0,1610602281570868.2
767,neg_img_76_7.png,1610602281570868.2,1610602281574913.5
768,neg_img_76_8.png,1610602281574913.5,1610602281578958.5
769,neg_img_76_9.png,1610602281578958.5,1610602281583003.8
770,neg_img_77_0.png,1610602281583003.8,1610602281587049.0
771,neg_img_77_1.png,1610602281587049.0,1610602281591094.0
772,neg_img_77_2.png,1610602281591094.0,1610602281595139.2
773,neg_img_77_3.png,1610602281595139.2,1610602281599184.5
774,neg_img_77_4.png,1610602281599184.5,1610602281603229.5
775,neg_img_77_5.png,1610602281603229.5,1610602281607274.8
776,neg_img_77_6.png,1610602281607274.8,1610602281611320.0
777,neg_img_77_7.png,1610602281611320.0,1610602281615365.2
778,neg_img_77_8.png,1610602281615365.2,1610602281619410.2
779,neg_img_77_9.png,1610602281619410.2,1610602281623455.5
780,neg_img_78_0.png,1610602281623455.5,1610602281627500.8
781,neg_img_78_1.png,1610602281627500.8,1610602281631545.8
782,neg_img_78_2.png,1610602281631545.8,1610602281635591.0
783,neg_img_78_3.png,1610602281635591.0,1610602281639636.2
784,neg_img_78_4.png,1610602281639636.2,1610602281643681.5
785,neg_img_78_5.png,1610602281643681.5,1610602281647726.5
786,neg_img_78_6.png,1610602281647726.5,1610602281651771.8
787,neg_img_78_7.png,1610602281651771.8,1610602281655817.0
788,neg_img_78_8.png,1610602281655817.0,1610602281659862.0
789,neg_img_78_9.png,1610602281659862.0,1610602281663907.2
790,neg_img_79_0.png,1610602281663907.2,1610602281667952.5
791,neg_img_79_1.png,1610602281667952.5,1610602281671997.5
792,neg_img_79_2.png,1610602281671997.5,1610602281676042.8
793,neg_img_79_3.png,1610602281676042.8,1610602281680088.0
794,neg_img_79_4.png,1610602281680088.0,1610602281684133.0
795,neg_img_79_5.png,1610602281684133.0,1610602281688178.2
796,neg_img_79_6.png,1610602281688178.2,1610602281692223.5
797,neg_img_79_7.png,1610602281692223.5,1610602281696268.8
798,neg_img_79_8.png,1610602281696268.8,1610602281700313.8
799,neg_img_79_9.png,1610602281700313.8,1610602281704359.0
800,neg_img_80_0.png,1610602281704359.0,1610602281708404.2
801,neg_img_80_1.png,1610602281708404.2,1610602281712449.2
802,neg_img_80_2.png,1610602281712449.2,1610602281716494.5
803,neg_img_80_3.png,1610602281716494.5,1610602281720539.8
804,neg_img_80_4.png,1610602281720539.8,1610602281724585.0
805,neg_img_80_5.png,1610602281724585.0,1610602281728630.0
806,neg_img_80_6.png,1610602281728630.0,1610602281732675.2
807,neg_img_80_7.png,1610602281732675.2,1610602281736720.5
808,neg_img_80_8.png,1610602281736720.5,1610602281740765.5
809,neg_img_80_9.png,1610602281740765.5,1610602281744810.8
810,neg_img_81_0.png,1610602281744810.8,1610602281748856.0
811,neg_img_81_1.png,1610602281748856.0,1610602281752901.0
812,neg_img_81_2.png,1610602281752901.0,1610602281756946.2
813,neg_img_81_3.png,1610602281756946.2,1610602281760991.5
814,neg_img_81_4.png,1610602281760991.5,1610602281765036.5
815,neg_img_81_5.png,1610602281765036.5,1610602281769081.8
816,neg_img_81_6.png,1610602281769081.8,1610602281773127.0
817,neg_img_81_7.png,1610602281773127.0,1610602281777172.2
818,neg_img_81_8.png,1610602281777172.2,1610602281781217.2
819,neg_img_81_9.png,1610602281781217.2,1610602281785262.5
820,neg_img_82_0.png,1610602281785262.5,1610602281789307.8
821,neg_img_82_1.png,1610602281789307.8,1610602281793352.8
822,neg_img_82_2.png,1610602281793352.8,1610602281797398.0
823,neg_img_82_3.png,1610602281797398.0,1610602281801443.2
824,neg_img_82_4.png,1610602281801443.2,1610602281805488.5
825,neg_img_82_5.png,1610602281805488.5,1610602281809533.5
826,neg_img_82_6.png,1610602281809533.5,1610602281813578.8
827,neg_img_82_7.png,1610602281813578.8,1610602281817624.0
828,neg_img_82_8.png,1610602281817624.0,1610602281821669.0
829,neg_img_82_9.png,1610602281821669.0,1610602281825714.2
830,neg_img_83_0.png,1610602281825714.2,1610602281829759.5
831,neg_img_83_1.png,1610602281829759.5,1610602281833804.5
832,neg_img_83_2.png,1610602281833804.5,1610602281837849.8
833,neg_img_83_3.png,1610602281837849.8,1610602281841895.0
834,neg_img_83_4.png,1610602281841895.0,1610602281845940.0
835,neg_img_83_5.png,1610602281845940.0,1610602281849985.2
836,neg_img_83_6.png,1610602281849985.2,1610602281854030.5
837,neg_img_83_7.png,1610602281854030.5,1610602281858075.8
838,neg_img_83_8.png,1610602281858075.8,1610602281862120.8
839,neg_img_83_9.png,1610602281862120.8,1610602281866166.0
840,neg_img_84_0.png,1610602281866166.0,1610602281870211.2
841,neg_img_84_1.png,1610602281870211.2,1610602281874256.2
842,neg_img_84_2.png,1610602281874256.2,1610602281878301.5
843,neg_img_84_3.png,1610602281878301.5,1610602281882346.8
844,neg_img_84_4.png,1610602281882346.8,1610602281886392.0
845,neg_img_84_5.png,1610602281886392.0,1610602281890437.0
846,neg_img_84_6.png,1610602281890437.0,1610602281894482.2
847,neg_img_84_7.png,1610602281894482.2,1610602281898527.5
848,neg_img_84_8.png,1610602281898527.5,1610602281902572.5
849,neg_img_84_9.png,1610602281902572.5,1610602281906617.8
850,neg_img_85_0.png,1610602281906617.8,1610602281910663.0
851,neg_img_85_1.png,1610602281910663.0,1610602281914708.0
852,neg_img_85_2.png,1610602281914708.0,1610602281918753.2
853,neg_img_85_3.png,1610602281918753.2,1610602281922798.5
854,neg_img_85_4.png,1610602281922798.5,1610602281926843.5
855,neg_img_85_5.png,1610602281926843.5,1610602281930888.8
856,neg_img_85_6.png,1610602281930888.8,1610602281934934.0
857,neg_img_85_7.png,1610602281934934.0,1610602281938979.2
858,neg_img_85_8.png,1610602281938979.2,1610602281943024.2
859,neg_img_85_9.png,1610602281943024.2,1610602281947069.5
860,neg_img_86_0.png,1610602281947069.5,1610602281951114.8
861,neg_img_86_1.png,1610602281951114.8,1610602281955159.8
862,neg_img_86_2.png,1610602281955159.8,1610602281959205.0
863,neg_img_86_3.png,1610602281959205.0,1610602281963250.2
864,neg_img_86_4.png,1610602281963250.2,1610602281967295.5
865,neg_img_86_5.png,1610602281967295.5,1610602281971340.5
866,neg_img_86_6.png,1610602281971340.5,1610602281975385.8
867,neg_img_86_7.png,1610602281975385.8,1610602281979431.0
868,neg_img_86_8.png,1610602281979431.0,1610602281983476.0
869,neg_img_86_9.png,1610602281983476.0,1610602281987521.2
870,neg_img_87_0.png,1610602281987521.2,1610602281991566.5
871,neg_img_87_1.png,1610602281991566.5,1610602281995611.5
872,neg_img_87_2.png,1610602281995611.5,1610602281999656.8
873,neg_img_87_3.png,1610602281999656.8,1610602282003702.0
874,neg_img_87_4.png,1610602282003702.0,1610602282007747.0
875,neg_img_87_5.png,1610602282007747.0,1610602282011792.2
876,neg_img_87_6.png,1610602282011792.2,1610602282015837.5
877,neg_img_87_7.png,1610602282015837.5,1610602282019882.8
878,neg_img_87_8.png,1610602282019882.8,1610602282023927.8
879,neg_img_87_9.png,1610602282023927.8,1610602282027973.0
880,neg_img_88_0.png,1610602282027973.0,1610602282032018.2
881,neg_img_88_1.png,1610602282032018.2,1610602282036063.2
882,neg_img_88_2.png,1610602282036063.2,1610602282040108.5
883,neg_img_88_3.png,1610602282040108.5,1610602282044153.8
884,neg_img_88_4.png,1610602282044153.8,1610602282048199.0
885,neg_img_88_5.png,1610602282048199.0,1610602282052244.0
886,neg_img_88_6.png,1610602282052244.0,1610602282056289.2
887,neg_img_88_7.png,1610602282056289.2,1610602282060334.5
888,neg_img_88_8.png,1610602282060334.5,1610602282064379.5
889,neg_img_88_9.png,1610602282064379.5,1610602282068424.8
890,neg_img_89_0.png,1610602282068424.8,1610602282072470.0
891,neg_img_89_1.png,1610602282072470.0,1610602282076515.0
892,neg_img_89_2.png,1610602282076515.0,1610602282080560.2
893,neg_img_89_3.png,1610602282080560.2,1610602282084605.5
894,neg_img_89_4.png,1610602282084605.5,1610602282088650.5
895,neg_img_89_5.png,1610602282088650.5,1610602282092695.8
896,neg_img_89_6.png,1610602282092695.8,1610602282096741.0
897,neg_img_89_7.png,1610602282096741.0,1610602282100786.2
898,neg_img_89_8.png,1610602282100786.2,1610602282104831.2
899,neg_img_89_9.png,1610602282104831.2,1610602282108876.5
900,neg_img_90_0.png,1610602282108876.5,1610602282112921.8
901,neg_img_90_1.png,1610602282112921.8,1610602282116966.8
902,neg_img_90_2.png,1610602282116966.8,1610602282121012.0
903,neg_img_90_3.png,1610602282121012.0,1610602282125057.2
904,neg_img_90_4.png,1610602282125057.2,1610602282129102.5
905,neg_img_90_5.png,1610602282129102.5,1610602282133147.5
906,neg_img_90_6.png,1610602282133147.5,1610602282137192.8
907,neg_img_90_7.png,1610602282137192.8,1610602282141238.0
908,neg_img_90_8.png,1610602282141238.0,1610602282145283.0
909,neg_img_90_9.png,1610602282145283.0,1610602282149328.2
910,neg_img_91_0.png,1610602282149328.2,1610602282153373.5
911,neg_img_91_1.png,1610602282153373.5,1610602282157418.5
912,neg_img_91_2.png,1610602282157418.5,1610602282161463.8
913,neg_img_91_3.png,1610602282161463.8,1610602282165509.0
914,neg_img_91_4.png,1610602282165509.0,1610602282169554.0
915,neg_img_91_5.png,1610602282169554.0,1610602282173599.2
916,neg_img_91_6.png,1610602282173599.2,1610602282177644.5
917,neg_img_91_7.png,1610602282177644.5,1610602282181689.8
918,neg_img_91_8.png,1610602282181689.8,1610602282185734.8
919,neg_img_91_9.png,1610602282185734.8,1610602282189780.0
920,neg_img_92_0.png,1610602282189780.0,1610602282193825.2
921,neg_img_92_1.png,1610602282193825.2,1610602282197870.2
922,neg_img_92_2.png,1610602282197870.2,1610602282201915.5
923,neg_img_92_3.png,1610602282201915.5,1610602282205960.8
924,neg_img_92_4.png,1610602282205960.8,1610602282210006.0
925,neg_img_92_5.png,1610602282210006.0,1610602282214051.0
926,neg_img_92_6.png,1610602282214051.0,1610602282218096.2
927,neg_img_92_7.png,1610602282218096.2,1610602282222141.5
928,neg_img_92_8.png,1610602282222141.5,1610602282226186.5
929,neg_img_92_9.png,1610602282226186.5,1610602282230231.8
930,neg_img_93_0.png,1610602282230231.8,1610602282234277.0
931,neg_img_93_1.png,1610602282234277.0,1610602282238322.0
932,neg_img_93_2.png,1610602282238322.0,1610602282242367.2
933,neg_img_93_3.png,1610602282242367.2,1610602282246412.5
934,neg_img_93_4.png,1610602282246412.5,1610602282250457.5
935,neg_img_93_5.png,1610602282250457.5,1610602282254502.8
936,neg_img_93_6.png,1610602282254502.8,1610602282258548.0
937,neg_img_93_7.png,1610602282258548.0,1610602282262593.2
938,neg_img_93_8.png,1610602282262593.2,1610602282266638.2
939,neg_img_93_9.png,1610602282266638.2,1610602282270683.5
940,neg_img_94_0.png,1610602282270683.5,1610602282274728.8
941,neg_img_94_1.png,1610602282274728.8,1610602282278773.8
942,neg_img_94_2.png,1610602282278773.8,1610602282282819.0
943,neg_img_94_3.png,1610602282282819.0,1610602282286864.2
944,neg_img_94_4.png,1610602282286864.2,1610602282290909.5
945,neg_img_94_5.png,1610602282290909.5,1610602282294954.5
946,neg_img_94_6.png,1610602282294954.5,1610602282298999.8
947,neg_img_94_7.png,1610602282298999.8,1610602282303045.0
948,neg_img_94_8.png,1610602282303045.0,1610602282307090.0
949,neg_img_94_9.png,1610602282307090.0,1610602282311135.2
950,neg_img_95_0.png,1610602282311135.2,1610602282315180.5
951,neg_img_95_1.png,1610602282315180.5,1610602282319225.5
952,neg_img_95_2.png,1610602282319225.5,1610602282323270.8
953,neg_img_95_3.png,1610602282323270.8,1610602282327316.0
954,neg_img_95_4.png,1610602282327316.0,1610602282331361.0
955,neg_img_95_5.png,1610602282331361.0,1610602282335406.2
956,neg_img_95_6.png,1610602282335406.2,1610602282339451.5
957,neg_img_95_7.png,1610602282339451.5,1610602282343496.8
958,neg_img_95_8.png,1610602282343496.8,1610602282347541.8
959,neg_img_95_9.png,1610602282347541.8,1610602282351587.0
960,neg_img_96_0.png,1610602282351587.0,1610602282355632.2
961,neg_img_96_1.png,1610602282355632.2,1610602282359677.2
962,neg_img_96_2.png,1610602282359677.2,1610602282363722.5
963,neg_img_96_3.png,1610602282363722.5,1610602282367767.8
964,neg_img_96_4.png,1610602282367767.8,1610602282371813.0
965,neg_img_96_5.png,1610602282371813.0,1610602282375858.0
966,neg_img_96_6.png,1610602282375858.0,1610602282379903.2
967,neg_img_96_7.png,1610602282379903.2,1610602282383948.5
968,neg_img_96_8.png,1610602282383948.5,1610602282387993.5
969,neg_img_96_9.png,1610602282387993.5,1610602282392038.8
970,neg_img_97_0.png,1610602282392038.8,1610602282396084.0
971,neg_img_97_1.png,1610602282396084.0,1610602282400129.0
972,neg_img_97_2.png,1610602282400129.0,1610602282404174.2
973,neg_img_97_3.png,1610602282404174.2,1610602282408219.5
974,neg_img_97_4.png,1610602282408219.5,1610602282412264.5
975,neg_img_97_5.png,1610602282412264.5,1610602282416309.8
976,neg_img_97_6.png,1610602282416309.8,1610602282420355.0
977,neg_img_97_7.png,1610602282420355.0,1610602282424400.2
978,neg_img_97_8.png,1610602282424400.2,1610602282428445.2
979,neg_img_97_9.png,1610602282428445.2,1610602282432490.5
980,neg_img_98_0.png,1610602282432490.5,1610602282436535.8
981,neg_img_98_1.png,1610602282436535.8,1610602282440580.8
982,neg_img_98_2.png,1610602282440580.8,1610602282444626.0
983,neg_img_98_3.png,1610602282444626.0,1610602282448671.2
984,neg_img_98_4.png,1610602282448671.2,1610602282452716.5
985,neg_img_98_5.png,1610602282452716.5,1610602282456761.5
986,neg_img_98_6.png,1610602282456761.5,1610602282460806.8
987,neg_img_98_7.png,1610602282460806.8,1610602282464852.0
988,neg_img_98_8.png,1610602282464852.0,1610602282468897.0
989,neg_img_98_9.png,1610602282468897.0,1610602282472942.2
990,neg_img_99_0.png,1610602282472942.2,1610602282476987.5
991,neg_img_99_1.png,1610602282476987.5,1610602282481032.5
992,neg_img_99_2.png,1610602282481032.5,1610602282485077.8
993,neg_img_99_3.png,1610602282485077.8,1610602282489123.0
994,neg_img_99_4.png,1610602282489123.0,1610602282493168.0
995,neg_img_99_5.png,1610602282493168.0,1610602282497213.2
996,neg_img_99_6.png,1610602282497213.2,1610602282501258.5
997,neg_img_99_7.png,1610602282501258.5,1610602282505303.8
998,neg_img_99_8.png,1610602282505303.8,1610602282509348.8
999,neg_img_99_9.png,1610602282509348.8,1610602282513394.0
1000,neg_img_100_0.png,1610602282513394.0,1610602282517439.2
1001,neg_img_100_1.png,1610602282517439.2,1610602282521484.2
1002,neg_img_100_2.png,1610602282521484.2,1610602282525529.5
1003,neg_img_100_3.png,1610602282525529.5,1610602282529574.8
1004,neg_img_100_4.png,1610602282529574.8,1610602282533620.0
1005,neg_img_100_5.png,1610602282533620.0,1610602282537665.0
1006,neg_img_100_6.png,1610602282537665.0,1610602282541710.2
1007,neg_img_100_7.png,1610602282541710.2,1610602282545755.5
1008,neg_img_100_8.png,1610602282545755.5,1610602282549800.5
1009,neg_img_100_9.png,1610602282549800.5,1610602282553845.8
1010,neg_img_101_0.png,1610602282553845.8,1610602282557891.0
1011,neg_img_101_1.png,1610602282557891.0,1610602282561936.0
1012,neg_img_101_2.png,1610602282561936.0,1610602282565981.2
1013,neg_img_101_3.png,1610602282565981.2,1610602282570026.5
1014,neg_img_101_4.png,1610602282570026.5,1610602282574071.5
1015,neg_img_101_5.png,1610602282574071.5,1610602282578116.8
1016,neg_img_101_6.png,1610602282578116.8,1610602282582162.0
1017,neg_img_101_7.png,1610602282582162.0,1610602282586207.2
1018,neg_img_101_8.png,1610602282586207.2,1610602282590252.2
1019,neg_img_101_9.png,1610602282590252.2,1610602282594297.5
1020,neg_img_102_0.png,1610602282594297.5,1610602282598342.8
1021,neg_img_102_1.png,1610602282598342.8,1610602282602387.8
1022,neg_img_102_2.png,1610602282602387.8,1610602282606433.0
1023,neg_img_102_3.png,1610602282606433.0,1610602282610478.2
1024,neg_img_102_4.png,1610602282610478.2,1610602282614523.5
1025,neg_img_102_5.png,1610602282614523.5,1610602282618568.5
1026,neg_img_102_6.png,1610602282618568.5,1610602282622613.8
1027,neg_img_102_7.png,1610602282622613.8,1610602282626659.0
1028,neg_img_102_8.png,1610602282626659.0,1610602282630704.0
1029,neg_img_102_9.png,1610602282630704.0,1610602282634749.2
1030,neg_img_103_0.png,1610602282634749.2,1610602282638794.5
1031,neg_img_103_1.png,1610602282638794.5,1610602282642839.5
1032,neg_img_103_2.png,1610602282642839.5,1610602282646884.8
1033,neg_img_103_3.png,1610602282646884.8,1610602282650930.0
1034,neg_img_103_4.png,1610602282650930.0,1610602282654975.0
1035,neg_img_103_5.png,1610602282654975.0,1610602282659020.2
1036,neg_img_103_6.png,1610602282659020.2,1610602282663065.5
1037,neg_img_103_7.png,1610602282663065.5,1610602282667110.8
1038,neg_img_103_8.png,1610602282667110.8,1610602282671155.8
1039,neg_img_103_9.png,1610602282671155.8,1610602282675201.0
1040,neg_img_104_0.png,1610602282675201.0,1610602282679246.2
1041,neg_img_104_1.png,1610602282679246.2,1610602282683291.2
1042,neg_img_104_2.png,1610602282683291.2,1610602282687336.5
1043,neg_img_104_3.png,1610602282687336.5,1610602282691381.8
1044,neg_img_104_4.png,1610602282691381.8,1610602282695427.0
1045,neg_img_104_5.png,1610602282695427.0,1610602282699472.0
1046,neg_img_104_6.png,1610602282699472.0,1610602282703517.2
1047,neg_img_104_7.png,1610602282703517.2,1610602282707562.5
1048,neg_img_104_8.png,1610602282707562.5,1610602282711607.5
1049,neg_img_104_9.png,1610602282711607.5,1610602282715652.8
